'Tensao_kV';'Potencia_MVA';'TipoComutadorDeriv';'AnosDeOperacao';'RigidezDieletrica';'AguaNoOleo';'TensaoInterfacial';'IndiceNeutralizacao';'Cor';'Densidade';'FPD_25oC';'FPD_100oC';'MonitEspecial'
230;30;Em Carga (CDC);25.11;86.2;15;33.5;NULL;2;0.86422;0.019;1.598;0
230;66.6;Sem Comutador;43.87;99.7;9;29.7;NULL;3;0.8821;0.052;2.057;0
230;33.33;Em Carga (CDC);14.11;98.2;7;40.3;NULL;1;0.88112;0.006;0.343;0
230;30;Em Carga (CDC);27.84;96.5;16;30.3;0.02;2;0.87231;0.973;10.062;0
15;1.238;Sem Comutador;4.40;94.8;14;33.6;NULL;1.5;0.87842;0.011;0.629;0
13.8;405;Em Carga (CDC);15.32;NULL;7;NULL;NULL;NULL;NULL;NULL;NULL;0
230;100;Em Carga (CDC);12.02;98.6;7;38.2;NULL;1;0.87837;0.004;0.532;0
550;550;Em Carga (CDC);10.08;88.1;10;43.6;NULL;0.5;0.87343;0.0045;0.1147;0
550;200;Em Carga (CDC);37.01;95.5;15;33.1;0.01;1.5;0.88346;0.019;1.021;0
550;150;Em Carga (CDC);16.88;98.7;11;41.8;NULL;0.5;0.87516;0.0042;0.1194;0
230;50;Sem Comutador;9.95;87.4;9;36.1;0;1;0.87955;0.007;0.38;0
500;150;Em Carga (CDC);23.86;82;9;40.1;NULL;0.5;0.88618;0.002;0.093;0
13.8;405;Em Carga (CDC);20.44;97;6;39.5;NULL;0.5;0.88225;0.001;0.294;0
230;60;Sem Comutador;26.70;100.2;12;30.9;NULL;1.5;0.86647;0.061;1.445;0
525;60;Em Carga (CDC);24.70;99.4;7;40.5;NULL;1;0.86655;0.0028;0.1186;0
550;0;Em Carga (CDC);11.48;92.3;11;41.3;NULL;0;0.87793;0.003;0.089;0
230;50;Em Carga (CDC);43.85;87.7;20;29.9;0.05;4;0.87804;0.151;4.804;0
13.8;2.5;Sem Tensão (CDST);42.12;36.8;36;32.5;NULL;1;0.87687;0.017;0.912;1
230;100;Em Carga (CDC);41.71;96.2;21;29.1;NULL;3.5;0.87914;0.088;4.274;1
13.8;0;Sem Tensão (CDST);40.95;56.8;20;31.7;0.03;2;0.87942;0.061;1.926;0
230;60;Em Carga (CDC);5.67;NULL;NULL;NULL;NULL;NULL;NULL;NULL;NULL;0
500;1;Em Carga (CDC);23.86;84.3;11;44.4;0;0;0.86964;0.01;0.236;0
138;15;Sem Tensão (CDST);15.96;72.4;15;37.6;NULL;1.5;0.8843;0.012;1.004;0
230;65;Em Carga (CDC);8.74;100.1;13;36.9;0;0;0.87838;0.011;0.6;0
230;50;Em Carga (CDC);42.79;80;18;31.5;0.02;3;0.87663;0.097;2.695;0
230;50;Em Carga (CDC);42.79;92.9;26;34.6;0.03;3;0.87662;0.0635;2.29;0
500;100;Em Carga (CDC);11.93;100;5;38.8;NULL;0.5;0.8781;0.003;0.1524;0
230;33.3;Em Carga (CDC);40.37;80.7;25;35.7;0.01;1.5;0.87384;0.018;0.832;0
230;18.33;Sem Comutador;15.40;100.1;9;34.5;0.01;1;0.87645;0.006;0.237;0
18.8;2.5;Sem Tensão (CDST);42.12;58.1;30;31.1;NULL;1.5;0.88107;0.021;1.194;0
230;150;Em Carga (CDC);5.93;93.3;9;39.5;NULL;0.5;0.87577;0.021;1.061;0
500;150;Em Carga (CDC);10.17;99.5;11;42.3;0;0.5;0.87149;0.003;0.123;0
13.8;387;Sem Comutador;36.33;99.2;7;35.6;NULL;1;0.87568;0.0054;0.4095;0
525;60;Em Carga (CDC);24.70;96.4;7;38.7;NULL;1;0.86656;0.0034;0.133;0
230;33.3;Em Carga (CDC);35.87;100.1;10;28.8;NULL;3;0.8668;0.1537;4.693;0
230;100;Em Carga (CDC);7.76;93;15;45.6;0;0;0.87033;0.007;0.436;0
230;55;Em Carga (CDC);13.21;100.1;9;45.2;0;0.5;0.88127;0.001;0.446;0
230;100;Em Carga (CDC);25.50;96.4;9;42.5;NULL;1;0.88606;0.01;0.4;0
500;409.6;Em Carga (CDC);10.94;97.1;12;44.2;NULL;0;0.88705;0.003;0.149;0
500;150;Em Carga (CDC);10.17;83.8;11;42.3;0;1;0.87091;0.003;0.181;0
138;11.333;NULL;23.61;35.7;31;26.8;NULL;2;0.87484;0.04;2.401;1
230;150;Em Carga (CDC);11.86;98.7;7;40.6;NULL;0.5;0.87644;0.001;0.197;0
230;60;Em Carga (CDC);26.86;96;9;35.6;NULL;1.5;0.8655;0.011;0.647;0
500;292;Em Carga (CDC);9.98;95.2;14;41.4;0;0.5;0.8761;0.004;0.089;0
500;250;Em Carga (CDC);13.03;87.6;9;40.9;NULL;0.5;0.8783;0.001;0.169;0
13.8;10;Em Carga (CDC);2.22;64.8;20;28.5;NULL;0.5;0.88788;0.099;2.271;0
230;18.33;Sem Comutador;15.40;97.4;8;35.3;0.01;1;0.87652;0.006;0.287;0
230;100;Em Carga (CDC);20.31;91.9;12;43.2;0;1;0.88755;0.005;0.22;0
13.8;6.25;Em Carga (CDC);23.86;100.1;68;22.5;0.08;NULL;0.91695;0.346;7.1044;0
230;230;Em Carga (CDC);7.73;100.1;9;40.7;0;0.5;0.87646;0.004;0.576;0
69;30;Sem Comutador;33.63;NULL;NULL;NULL;NULL;NULL;NULL;NULL;NULL;0
13.8;387;Sem Comutador;23.86;68.3;19;32.6;0.02;2;0.87245;0.021;1.097;0
230;60;Em Carga (CDC);24.86;91.8;9;31.5;0.03;2;0.86122;0.087;2.427;0
230;30;Em Carga (CDC);5.88;100.1;10;44.7;0;0;0.87469;0.015;0.352;0
230;150;Em Carga (CDC);5.93;93.2;8;43.6;NULL;0;0.88341;0.02;0.727;0
230;100;Em Carga (CDC);25.44;99.5;8;37.9;0.01;0.5;0.86507;0.005;0.195;0
500;1;Em Carga (CDC);23.86;97;10;43.5;0;0;0.86953;0.016;1.286;0
500;100;Em Carga (CDC);42.21;89.8;13;33;NULL;1.5;0.8762;0.02;0.631;0
13.8;405;Em Carga (CDC);16.59;NULL;5;NULL;NULL;NULL;NULL;NULL;NULL;0
500;250;Em Carga (CDC);41.82;84.3;11;29.5;NULL;2;0.88216;0.012;0.733;0
550;150;Em Carga (CDC);16.94;100.1;7;43;0;1;0.87423;0.005;0.174;0
230;60;Em Carga (CDC);6.88;91.7;5;43;NULL;0;0.87308;0.006;0.144;0
138;405;NULL;6.91;23;45;39;NULL;0.5;0.87793;0.004;0.14;0
500;292;Em Carga (CDC);9.98;96.6;11;43.8;0;0;0.87589;0.002;0.295;0
230;36.7;Sem Comutador;11.57;98.8;7;37.3;0.01;0.5;0.87874;0.004;0.236;0
230;100;Em Carga (CDC);35.33;100.1;12;32.1;NULL;3;0.88322;0.104;3.926;0
230;100;Em Carga (CDC);27.36;92.6;11;35.6;NULL;1.5;0.86667;0.013;0.631;0
230;50;Em Carga (CDC);40.95;87.2;7;41.3;0;0.5;0.87821;0.012;1.022;0
230;18.33;Sem Comutador;15.40;75.3;9;32.9;0.01;1;0.8765;0.005;0.31;0
230;100;Em Carga (CDC);9.60;76.4;15;38.5;NULL;0.5;0.88095;0.006;0.195;0
138;14;Sem Tensão (CDST);12.17;82.7;11;38.6;0;1;0.87825;0.005;0.218;0
550;150;Em Carga (CDC);11.74;100.1;5;40.9;NULL;1;0.87254;0.005;0.184;0
230;30;Em Carga (CDC);25.73;93.1;24;25.6;NULL;3;0.866;0.163;4.125;1
13.8;0;Sem Tensão (CDST);41.95;52;33;33.7;0.02;1.5;0.8815;0.081;0.899;0
500;100;Em Carga (CDC);42.21;70.8;33;33;NULL;2;0.87825;0.027;1.215;1
230;230;Em Carga (CDC);7.76;91.2;8;41.8;0;0.5;0.87543;0.006;0.315;0
230;100;Em Carga (CDC);22.14;91.3;11;37.2;0.01;0.5;0.86699;0.01;0.601;0
69;30;Sem Comutador;16.23;95.7;13;35.6;NULL;1.5;0.86901;0.021;0.952;0
500;150;Em Carga (CDC);8.74;91.6;9;40.5;0;0;0.87347;0.003;0.124;0
230;18.33;Sem Comutador;15.40;69;10;36.9;0.01;0.5;0.87639;0.007;0.302;0
13.8;0;Sem Tensão (CDST);41.95;61.8;20;32.4;0.03;2;0.8786;0.068;2.175;0
230;50;Em Carga (CDC);28.94;88;14;30.5;0.03;2.5;0.85478;0.059;1.649;0
500;292;Em Carga (CDC);9.98;98.6;7;45.6;0;0;0.88815;0.005;0.107;0
500;630;Em Carga (CDC);10.41;98.9;8;45.5;NULL;0;0.87595;0.002;0.083;0
138;15;Em Carga (CDC);42.07;96.1;14;35;0.01;1.5;0.87917;0.028;1.389;0
525;60;Em Carga (CDC);24.70;83.5;9;39.5;NULL;1;0.86659;0.0058;0.1195;0
230;33.3;Em Carga (CDC);40.37;80.4;18;36.4;0.01;1;0.87543;0.018;0.613;0
13.8;405;Em Carga (CDC);17.42;84.6;16;40.5;0;1;0.88331;0.004;0.311;0
220;12.5;Em Carga (CDC);7.58;82.3;8;40.9;0;0.5;0.87961;0.016;1.369;0
550;150;Em Carga (CDC);24.94;89.3;10;38.2;NULL;1.5;0.86573;0.008;0.826;0
230;100;Em Carga (CDC);22.73;90.1;10;42.1;NULL;1;0.88786;0.002;0.364;0
230;50;Em Carga (CDC);41.95;96.8;10;31.2;0.03;3;0.87955;0.064;2.126;0
230;300;Em Carga (CDC);13.13;89.6;7;39.7;0;1;0.87616;0.008;0.55;0
13.8;0.3;Sem Tensão (CDST);25.44;90.8;9;32.3;0.01;1;0.87646;0.633;10.77;0
230;60;Em Carga (CDC);29.20;61.8;18;32.8;0.01;1.5;0.87334;0.01;0.384;0
230;300;Em Carga (CDC);13.13;92.1;7;39.1;0;1;0.8756;0.009;0.588;0
230;60;Sem Comutador;8.74;93.2;12;40.3;0;0.5;0.87523;0.004;0.237;0
72.5;4479;Sem Comutador;23.86;100.1;16;39.7;0;1.5;0.88155;0.011;0.476;0
500;100;Em Carga (CDC);11.93;100.2;6;37.7;NULL;0.5;0.8776;0.0057;0.2287;0
500;100;Em Carga (CDC);42.21;100.2;11;32.7;NULL;2;0.88053;0.037;1.629;0
230;50;Sem Comutador;16.18;100.1;8;40.4;0;1;0.87479;0.027;1.203;0
550;550;Em Carga (CDC);10.08;90.6;13;44.7;0;0.5;0.87307;0.003;0.178;0
230;55;Em Carga (CDC);16.94;88;9;39.3;NULL;1;0.87636;0.016;1.415;0
230;33.3;Em Carga (CDC);35.87;92.8;7;29.5;NULL;3;0.86308;0.0923;2.9254;0
230;100;Em Carga (CDC);11.18;100.1;9;41.8;NULL;1;0.88714;0.003;0.321;0
230;36.7;Sem Comutador;11.57;98.4;9;37.4;NULL;1;0.87868;0.0101;0.4745;0
230;100;Em Carga (CDC);2.59;88.9;11;38.5;0;0.5;0.87597;0.01;0.322;0
230;60;Em Carga (CDC);36.87;100.1;11;30.2;NULL;1.5;0.88282;0.012;0.612;0
230;100;Em Carga (CDC);14.95;NULL;NULL;NULL;NULL;NULL;NULL;NULL;NULL;0
18.8;2.5;Sem Tensão (CDST);42.87;55.1;25;31;NULL;2;0.8771;0.028;1.328;1
550;0;Em Carga (CDC);12.76;100.3;11;41.6;NULL;0;0.87777;0.005;0.123;0
550;150;Em Carga (CDC);24.94;90.5;9;37.1;0;1;0.86541;0.009;0.674;0
500;150;Em Carga (CDC);10.17;29;43;41.2;0;1;0.87105;0.003;0.326;0
69;16.35;Sem Comutador;11.93;81;8;36.2;NULL;1.5;0.87569;0.0148;0.7135;0
500;292;Em Carga (CDC);9.98;96.1;10;42.6;0;0.5;0.87594;0.005;0.09;0
13.8;387;Sem Comutador;25.75;96;13;29.5;NULL;3;0.87314;0.046;2.177;0
230;50;Em Carga (CDC);43.79;98;16;30.6;0.05;3;0.87866;0.115;3.813;0
230;50;Em Carga (CDC);11.04;99;6;39.6;NULL;0.5;0.88832;0.005;0.127;0
13.8;405;Em Carga (CDC);18.86;66.4;17;41.8;0;1;0.87633;0.004;0.161;0
230;65;Em Carga (CDC);8.88;95.5;12;39.4;0;0.5;0.87834;0.016;0.394;0
13.8;0.3;Sem Tensão (CDST);25.44;62.5;17;36.4;NULL;0.5;0.86355;0.023;1.104;0
500;150;Em Carga (CDC);23.86;96;10;43.5;0;0;0.88602;0.002;0.221;0
230;100;Em Carga (CDC);12.02;98.7;12;35.4;0.01;0.5;0.87835;0.005;0.245;0
13.8;0;Sem Tensão (CDST);42.12;23.7;35;31.4;0.02;1.5;0.88062;0.016;1.116;0
500;250;Em Carga (CDC);13.03;94.8;7;38;NULL;0.5;0.87567;0.003;0.345;0
230;100;Em Carga (CDC);11.93;100.1;8;37.1;NULL;0.5;0.87751;0.0085;0.3707;0
138;15;Sem Tensão (CDST);15.96;74.2;15;40.7;NULL;0;0.88592;0.059;1.487;0
500;150;Em Carga (CDC);23.86;99;7;40.2;NULL;0.5;0.88619;0.002;0.073;0
550;120;Em Carga (CDC);42.10;100;5;43.9;NULL;0;0.88115;0.005;0.198;0
13.8;405;Em Carga (CDC);18.74;85.3;14;39.7;NULL;0.5;0.87608;0.0055;0.2636;0
13.8;0.3;Sem Tensão (CDST);25.44;95.9;9;42.5;NULL;0;0.87566;0.0068;0.2071;0
13.8;6;Sem Tensão (CDST);21.11;83.5;28;35.9;0.01;1;0.88535;0.014;0.958;0
230;50;Em Carga (CDC);42.79;88.2;18;30.8;0.03;3;0.87765;0.15;4.853;0
138;11.333;NULL;23.61;53.8;17;31.4;NULL;2;0.8684;0.053;2.015;0
13.8;6;Sem Tensão (CDST);21.02;98;14;35.1;0.01;1;0.88487;0.016;1.49;0
230;50;Em Carga (CDC);28.94;91.9;11;29.7;0.03;2.5;0.87706;0.126;4.435;0
500;250;Em Carga (CDC);41.82;96.7;13;27.7;NULL;2;0.88343;0.03;1.217;0
13.3;13.3;Sem Tensão (CDST);2.96;89.2;13;40.8;0;0;0.87363;0.012;0.485;0
500;150;Em Carga (CDC);8.74;95.6;10;40.9;0;0;0.87537;0.004;0.185;0
500;630;Em Carga (CDC);10.41;93.8;10;41.3;NULL;0;0.87615;0.003;0.1;0
230;65;Em Carga (CDC);10.09;89.9;8;37;NULL;0.5;0.87941;0.011;0.358;0
34.5;0.15;Sem Comutador;25.11;56.9;20;23.3;NULL;2;0.86427;1.191;23.886;0
230;60;Em Carga (CDC);38.74;100.1;11;31;NULL;1.5;0.88401;0.02;0.806;0
13.8;0;Sem Tensão (CDST);20.85;49.5;26;35.5;0.01;2.5;0.87507;0.036;1.287;0
230;60;Em Carga (CDC);36.87;93.3;10;31.7;NULL;1.5;0.88043;0.043;1.854;0
69;10;Em Carga (CDC);32.70;100.1;8;31.2;NULL;2.5;0.88241;0.057;2.631;0
242;100;Em Carga (CDC);20.44;96.6;11;39.3;0;1;0.88841;0.01;0.772;0
230;55;Em Carga (CDC);22.73;89.9;11;43.4;0;0.5;0.88147;0.003;0.599;0
550;0;Em Carga (CDC);11.48;94.4;9;41.9;NULL;0;0.8781;0.003;0.103;0
13.8;0;Sem Tensão (CDST);42.12;59;40;30.5;NULL;1.5;0.88224;0.017;1.028;0
230;30;Em Carga (CDC);13.98;84.4;16;42.1;0;1;0.87663;0.004;0.184;0
69;NULL;Em Carga (CDC);23.86;62.2;18;28.1;0.04;1.5;0.86655;0.021;0.726;0
550;100;Em Carga (CDC);42.71;95.2;15;26.3;NULL;4;0.88324;0.337;15.303;0
230;60;Em Carga (CDC);14.07;75.7;9;40.3;0.02;NULL;0.87744;0.022;0.3442;0
230;100;Em Carga (CDC);10.14;60.9;21;43.8;0;0.5;0.87302;0.012;0.255;0
230;67;Sem Comutador;43.87;98.9;8;32.1;NULL;2.5;0.88009;0.036;1.404;0
230;230;Em Carga (CDC);7.70;97.3;9;41.4;0;0.5;0.87649;0.009;0.278;0
230;55;Em Carga (CDC);15.65;91.2;8;36.7;0.01;1;0.87736;0.016;0.736;0
230;60;Em Carga (CDC);34.74;90.3;11;37.4;0.01;2;0.86643;0.02;0.368;0
230;60;Sem Comutador;14.63;92.4;8;45.1;0;2;0.88749;0.003;0.213;0
230;100;Em Carga (CDC);15.67;70.7;12;40.9;0;0.5;0.88121;0.004;0.517;0
69;75;NULL;25.26;65.9;12;36.9;0.01;1;0.86422;0.014;0.435;0
72.5;8.916;Sem Comutador;23.86;89.9;92;22.5;0.16;1;0.91474;1.954;19.421;0
550;550;Em Carga (CDC);10.08;89;10;43.3;NULL;0.5;0.87304;0.0046;0.1409;0
550;150;Em Carga (CDC);11.74;100.1;5;41.6;NULL;0.5;0.87259;0.006;0.188;0
550;200;Em Carga (CDC);9.45;97.6;13;44.8;0;0;0.87534;0.003;0.103;0
230;300;Em Carga (CDC);13.13;79.8;8;41.4;0;1;0.87563;0.008;0.633;0
230;50;Sem Comutador;9.95;94.1;13;35.6;0;1;0.87959;0.007;0.345;0
550;150;Em Carga (CDC);16.88;99.5;11;38.5;NULL;1;0.87516;0.0046;0.1672;0
500;100;Em Carga (CDC);11.93;96.7;5;37.8;NULL;0.5;0.87786;0.0054;0.1968;0
140;25;Em Carga (CDC);7.58;65.9;14;42.2;0;1;0.87625;0.014;0.576;0
550;200;Em Carga (CDC);30.94;94.8;15;35.1;0.01;1.5;0.8703;0.044;0.831;0
230;100;Em Carga (CDC);15.68;89.5;14;44.5;0;0.5;0.88491;0.006;0.163;0
230;50;Em Carga (CDC);11.18;95.1;9;42;0;1;0.8729;0.005;0.169;0
13.8;1104;Em Carga (CDC);23.86;92.1;188;21;0.3;1.5;0.9173;4.76;78.1;0
230;100;Em Carga (CDC);27.19;91.5;14;40.9;0;1;0.87009;0.004;0.443;0
230;30;Em Carga (CDC);27.84;NULL;20;NULL;NULL;NULL;NULL;NULL;NULL;0
13.8;405;Em Carga (CDC);20.01;69.6;17;44;0;1;0.87675;0.003;0.09;0
230;60;Em Carga (CDC);40.71;82.5;14;29.8;NULL;3.5;0.86977;0.057;1.482;0
500;292;Em Carga (CDC);9.98;99.8;9;42;0;0.5;0.87628;0.001;0.101;0
230;50;Sem Comutador;16.18;95.3;11;38.6;0;1;0.87458;0.015;0.283;0
13.8;0;Sem Tensão (CDST);46.24;62;16;29.9;NULL;3;0.87966;0.094;3.226;0
230;50;Em Carga (CDC);42.79;99.1;14;33;0.02;3;0.87709;0.071;2.176;0
242;100;Em Carga (CDC);21.21;95;16;39.2;0;1;0.88797;0.005;0.224;0
230;10;Em Carga (CDC);11.10;84.2;13;43.2;NULL;0.5;0.88018;0.0105;0.3173;0
138;15;Sem Tensão (CDST);15.96;78.2;14;39.9;NULL;1.5;0.88594;0.006;1.393;0
500;150;Em Carga (CDC);23.86;100.2;8;40.5;NULL;0.5;0.88634;0.001;0.073;0
13.8;0.75;Sem Tensão (CDST);39.03;38;39;31.5;0.02;1;0.88475;0.033;1.836;1
500;NULL;Em Carga (CDC);10.93;94.5;7;37.9;NULL;0;0.88627;0.005;0.155;0
550;150;Em Carga (CDC);11.74;100.2;6;43.4;NULL;0.5;0.87223;0.004;0.114;0
550;200;Em Carga (CDC);30.94;100.1;16;36.2;0.01;1.5;0.8705;0.066;0.902;0
13.8;405;Em Carga (CDC);17.49;74.5;13;39.8;0;0;0.88669;0.003;0.079;0
230;100;Em Carga (CDC);42.08;99.5;12;30.5;0.03;4;0.88282;0.354;13.171;0
13.8;387;Sem Comutador;38.64;NULL;15;NULL;NULL;NULL;NULL;NULL;NULL;0
550;150;Em Carga (CDC);16.88;100.3;11;40.1;NULL;1;0.87519;0.0055;0.1804;0
230;200;Em Carga (CDC);7.93;93.9;11;39.2;NULL;0.5;0.87777;0.0027;0.1775;0
242;100;Em Carga (CDC);20.44;100;9;41.8;0;0.5;0.88116;0.004;0.259;0
230;100;Em Carga (CDC);14.90;93.6;6;40.8;NULL;0.5;0.88597;0.011;0.1747;0
230;33.3;Em Carga (CDC);40.37;92.8;15;37.7;0;1;0.87475;0.013;0.538;0
18.8;2.5;Sem Tensão (CDST);42.12;78.2;26;31.7;NULL;1.5;0.87959;0.016;0.827;0
500;150;Em Carga (CDC);8.74;98.9;9;40.5;0;0;0.87347;0.003;0.124;0
230;150;Em Carga (CDC);10.54;97.2;13;40.4;0;1;0.87315;0.007;0.162;0
230;33;Em Carga (CDC);13.16;78.3;15;41.9;0;1;0.87768;0.002;0.21;0
550;200;Em Carga (CDC);37.78;99.8;9;33.3;NULL;1.5;0.88257;0.025;1.035;0
13.8;0;Sem Tensão (CDST);41.95;42;29;34.8;0.02;1.5;0.88084;0.011;0.705;0
550;200;Em Carga (CDC);9.45;87.8;13;45.1;0;0;0.87552;0.004;0.124;0
230;230;Em Carga (CDC);8.48;90.1;11;40;0;0;0.87846;0.04;0.466;0
550;150;Em Carga (CDC);16.88;100.1;11;40;NULL;1;0.87515;0.0051;0.13;0
230;60;Em Carga (CDC);38.74;99.2;9;33;NULL;1.5;0.88182;0.041;1.836;0
13.8;405;Em Carga (CDC);20.04;6.7;13319;37.3;0.03;1;0.87944;35.65;0.739;0
69;20;Em Carga (CDC);11.81;91.9;140;21.4;0.11;1;0.91587;4.429;42.063;1
230;100;Em Carga (CDC);6.84;100.1;11;42.7;0;0;0.88073;0.022;0.494;0
230;66.6;Sem Comutador;43.87;97.4;8;32.6;NULL;2.5;0.87932;0.067;2.172;0
230;60;Em Carga (CDC);29.36;80.6;11;38.8;NULL;1.5;0.85317;0.021;0.472;0
69;30;NULL;34.37;74.2;18;35.8;NULL;1.5;0.87214;0.016;0.742;0
550;89.3;Em Carga (CDC);7.85;100.2;8;42;NULL;0.5;0.87667;0.0032;0.1587;0
230;100;Em Carga (CDC);15.49;89.8;10;41.4;NULL;0.5;0.88104;0.018;0.471;0
500;250;Em Carga (CDC);13.03;94.7;9;39.1;NULL;0.5;0.87493;0.001;0.182;0
230;65;Em Carga (CDC);17.38;87.1;12;42.7;0;1;0.88156;0.004;0.103;0
230;30;Em Carga (CDC);22.77;98.2;9;39.8;NULL;0.5;0.88874;0.004;0.389;0
550;200;Em Carga (CDC);39.38;100;13;31.5;NULL;2;0.88242;0.049;1.86;0
230;100;Em Carga (CDC);11.66;100;10;41.6;0;0.5;0.87661;0.004;0.082;0
69;16.35;Sem Comutador;11.93;100.1;7;32.9;NULL;1.5;0.87557;0.0164;0.7045;0
230;50;Sem Comutador;35.87;96.6;10;34.9;NULL;1.5;0.8649;0.081;2.78;0
550;120;Em Carga (CDC);42.87;90;6;44.5;NULL;0;0.87631;0.002;0.681;0
230;50;Em Carga (CDC);43.87;86.2;16;30.7;0.04;3.5;0.87838;0.181;7.127;0
550;200;Em Carga (CDC);37.78;94.2;16;44.2;0;0;0.87808;0.265;2.228;0
500;409.6;Em Carga (CDC);10.85;76.9;8;42.4;0;0;0.88712;0.001;0.167;0
230;150;Em Carga (CDC);5.93;94.8;8;43.3;NULL;0;0.87286;0.018;0.494;0
13.8;387;Sem Comutador;23.86;80.5;18;30.1;NULL;4;0.87905;0.114;4.95;0
230;67;Sem Comutador;44.79;88.5;18;36.9;0.01;1.5;0.88183;0.016;0.639;0
230;67;Sem Comutador;44.79;87.9;17;37.3;0;1.5;0.88056;0.025;1.101;0
230;67;Sem Comutador;44.79;99.3;15;36;0.01;2;0.88119;0.02;0.788;0
230;50;Em Carga (CDC);24.53;100.1;14;40.7;0;1;0.88561;0.013;0.801;0
230;33.33;Em Carga (CDC);14.11;100.1;8;41.3;NULL;1;0.88269;0.005;0.306;0
13.8;0;Sem Tensão (CDST);20.85;58.8;25;28.5;NULL;0.5;0.8755;0.0686;1.8943;1
13.8;405;Em Carga (CDC);13.85;91.7;12;40.4;0;0;0.88779;0.003;0.067;0
230;100;Em Carga (CDC);7.96;95;14;42.3;0;0;0.87886;0.006;0.282;0
13.8;405;Em Carga (CDC);20.70;95.6;11;43.6;0;0.5;0.8831;0.004;0.179;0
13.8;0.75;Sem Tensão (CDST);39.03;45.2;41;29;NULL;1.5;0.88479;0.078;2.661;1
69;26.6;Em Carga (CDC);25.94;57.4;24;31.4;NULL;1.5;0.87634;0.026;0.98;1
13.2;0.525;Sem Tensão (CDST);20.04;93.3;18;23.7;NULL;0.5;0.88572;0.044;2.379;0
230;NULL;Em Carga (CDC);NULL;100.1;7;38.9;NULL;0.5;0.87665;0.0051;0.4676;0
NULL;NULL;NULL;43.04;89.6;18;23.8;0.09;2.5;0.88544;0.289;7.951;0
13.8;0;Sem Comutador;9.73;31.1;22;31.6;NULL;1.5;0.87659;0.11;3.369;0
13.8;1;Em Carga (CDC);9.73;71.4;27;32.4;0.02;1.5;0.88007;0.041;1.758;0
230;NULL;Em Carga (CDC);NULL;92.7;8;23.2;NULL;3.5;0.87646;0.2038;6.6272;0
69;NULL;Em Carga (CDC);16.36;98.1;105;23.1;0.12;1;0.91635;2.315;28.527;0
230;NULL;Em Carga (CDC);10.50;17.9;69;39.5;0;1.5;0.87437;0.008;0.262;0
13.8;0;Sem Comutador;9.98;26.8;34;33.3;0.04;1;0.86395;0.133;2.753;0
13.8;NULL;Em Carga (CDC);NULL;53.9;28;21.9;0.2;1.5;0.87266;0.041;1.914;0
NULL;NULL;NULL;9.98;90.9;14;25.3;NULL;1.5;0.86774;0.0318;1.1864;0
13.8;1.52;Sem Comutador;NULL;87.3;27;28.7;0.04;2;0.86408;0.164;3.967;0
13.8;1.52;Sem Comutador;33.86;79.1;20;25.6;0.06;2.5;0.86434;0.189;3.9;0
230;66.6;Sem Tensão (CDST);42.87;100.1;12;31.3;NULL;3;0.88282;0.095;3.747;0
230;30;Em Carga (CDC);5.84;78.3;10;38.5;NULL;0.5;0.87487;0.006;0.173;0
230;230;Em Carga (CDC);8.48;100.1;6;40.6;0;0;0.87466;0.045;0.635;0
550;0;Em Carga (CDC);11.48;100.1;11;43.3;NULL;0;0.87815;0.002;0.097;0
13.8;0.75;Sem Tensão (CDST);39.49;45.5;36;30.4;NULL;1;0.88486;0.052;2.103;1
230;100;Em Carga (CDC);19.48;87.6;13;38.1;NULL;1.5;0.88757;0.009;0.622;0
242;100;Em Carga (CDC);20.44;97.1;10;40.1;0;1;0.88848;0.006;0.349;0
242;100;Em Carga (CDC);20.44;100.1;11;39.7;0;0;0.88854;0.004;0.209;0
230;100;Em Carga (CDC);12.02;91.6;9;38.4;0;0.5;0.87842;0.008;0.213;0
230;66.6;Sem Tensão (CDST);42.87;100.1;9;32.4;NULL;3;0.88315;0.103;3.906;0
230;100;Em Carga (CDC);22.30;61.6;17;32.2;0.01;1;0.86675;0.018;0.714;0
13.8;387;Sem Comutador;23.86;92.3;10;32.2;0.02;2.5;0.88024;0.084;2.837;0
230;33;Em Carga (CDC);14.90;99.5;9;39.3;0;1;0.87641;0.003;0.143;0
550;200;Em Carga (CDC);9.45;94.5;10;43.9;0;0;0.87533;0.003;0.121;0
13.8;387;Sem Comutador;3.57;96.1;12;43.5;0;0;0.8792;0.003;0.126;0
500;250;Em Carga (CDC);43.79;100;9;31.2;NULL;2;0.88056;0.009;0.615;0
550;200;Em Carga (CDC);37.78;97.3;19;30.4;0.01;1.5;0.88107;0.092;1.643;0
230;60;Em Carga (CDC);36.54;76.8;14;32;NULL;1.5;0.88029;0.013;0.546;0
230;16.67;Em Carga (CDC);29.98;94.1;11;37.7;0;1;0.88232;0.011;0.739;0
13.8;387;Sem Comutador;34.03;95.7;13;30.9;NULL;2.5;0.87598;0.024;1.125;0
230;67;Sem Comutador;25.76;100.1;9;27.6;NULL;4;0.88211;0.195;7.122;0
230;33.3;Em Carga (CDC);12.19;81.4;13;43.8;NULL;0.5;0.88016;0.004;0.222;0
230;100;Em Carga (CDC);23.86;79.9;13;29.3;0.01;1;0.86621;0.035;1.208;0
13.8;9.375;Em Carga (CDC);23.86;92.7;161;23;0.13;1;0.91607;0.886;12.7;0
230;33.33;Em Carga (CDC);14.11;100.1;7;40.4;NULL;1;0.87776;0.005;0.512;0
13.8;28.75;Sem Comutador;15.31;93.6;12;38.3;0;1.5;0.88064;0.01;0.435;0
13.8;0.3;Sem Tensão (CDST);25.44;79.2;15;30.4;0.02;1;0.86331;0.013;0.811;0
230;50;Em Carga (CDC);11.93;93.8;5;38.4;NULL;1;0.87781;0.0071;0.2666;0
69;8.724;Sem Comutador;23.86;100.1;53;24.8;0.07;NULL;0.91568;0.668;8.327;0
230;33;Sem Comutador;40.71;90.2;13;26.9;NULL;4;0.88347;0.281;11.576;0
230;30;Em Carga (CDC);6.93;93.1;11;44.5;NULL;0;0.87172;0.015;0.717;0
69;12.5;Em Carga (CDC);23.86;95.2;123;22.9;0.1;0.5;0.91692;0.69;13.748;0
550;100;Em Carga (CDC);42.11;95;12;34.5;NULL;2;0.88232;0.0336;1.6231;0
230;55;Em Carga (CDC);15.44;100;9;38.5;NULL;1;0.87467;0.007;0.586;0
230;100;Em Carga (CDC);10.09;94.3;11;37.6;NULL;0.5;0.87944;0.01;0.304;0
13.8;0;Sem Tensão (CDST);40.95;57.1;17;35.5;0.01;1.5;0.88068;0.025;0.77;0
230;33.3;Em Carga (CDC);17.39;99.7;7;43.3;NULL;0.5;0.88402;0.003;0.608;0
230;100;Em Carga (CDC);39.87;100.2;11;36.1;NULL;2;0.87863;0.074;2.346;0
230;50;Em Carga (CDC);28.94;95.8;11;31.9;0.02;2.5;0.87334;0.122;3.966;0
500;292;Em Carga (CDC);9.98;93.1;10;45.5;0;0;0.88696;0.005;0.069;0
500;292;Em Carga (CDC);9.98;97;7;42.3;0;0.5;0.87527;0.008;0.163;0
13.8;0.75;Sem Tensão (CDST);39.03;46.5;39;30.5;NULL;1;0.88085;0.062;2.312;1
230;60;Sem Comutador;40.71;85.2;14;30;NULL;2.5;0.87851;0.168;4.825;0
230;50;Em Carga (CDC);43.87;94.5;19;33.1;0.02;2;0.87782;0.074;2.768;0
230;100;Em Carga (CDC);35.87;80.2;13;41.4;0;1;0.8683;0.037;0.902;0
500;292;Em Carga (CDC);9.98;93.9;8;41.5;0;0.5;0.88005;0.005;0.11;0
550;200;Em Carga (CDC);30.94;95.7;9;35.3;0.01;1.5;0.87027;0.033;0.593;0
500;250;Em Carga (CDC);24.78;89.2;10;41.3;NULL;1;0.88729;0.002;0.441;0
550;150;Em Carga (CDC);25.83;83.9;12;37.3;0;1.5;0.86568;0.012;0.192;0
230;65;Em Carga (CDC);27.78;91.9;11;36.9;NULL;1.5;0.86562;0.006;0.335;0
NULL;NULL;NULL;4.32;93.2;4;45.8;NULL;0;0.87439;0.0061;0.3162;0
NULL;NULL;NULL;4.32;95.8;5;43.9;NULL;0;0.87541;0.0063;0.1221;0
13;0.79;Sem Comutador;40.71;26.5;48;23;NULL;2.5;0.87025;0.067;2.84;1
13;0.79;Sem Comutador;10.45;20.8;43;31.1;NULL;1.5;0.87469;0.02;1.16;1
13;0.79;Sem Comutador;10.70;72.7;25;29.9;NULL;1.5;0.87758;0.016;1.038;1
13.8;1.5;Sem Tensão (CDST);39.03;46.8;35;34.3;0.02;1;0.88542;0.018;0.775;0
18.8;2.5;Sem Tensão (CDST);39.03;37;38;30.1;0.03;1;0.88628;0.023;0.929;1
13.8;7.5;Sem Tensão (CDST);39.03;71.3;30;31.1;0.03;1.5;0.88594;0.048;2.226;0
13.8;2;Sem Tensão (CDST);34.53;51.8;30;28.4;NULL;1.5;0.88552;0.047;1.468;0
69;6630;Sem Comutador;3.93;98;49;25.1;0.09;1;0.916;0.49;7.991;0
13.8;0;Sem Comutador;4.86;55;14;41.7;0;1;0.86436;0.049;1.065;0
230;100;Sem Comutador;1.85;71.7;15;41.5;0;0;0.87217;0.016;0.678;0
6.9;14;Sem Comutador;1.49;93.6;80;25.1;0.04;0;0.91621;0.301;5.885;1
NULL;NULL;NULL;1.39;78.9;12;41.7;0;0;0.86942;0.008;0.274;0
NULL;NULL;NULL;1.39;75.7;11;45;0;0;0.86925;0.008;0.24;0
230;0;Em Carga (CDC);1.39;19;56;43.4;0;0;0.86936;0.012;0.225;0
69;30;NULL;34.37;46;19;38.1;0;1;0.87159;0.015;0.672;0
34.5;0.15;Sem Comutador;25.11;84.9;15;22.1;NULL;2;0.86312;1.114;22.3;0
500;250;Em Carga (CDC);41.82;86.8;11;29.6;NULL;2;0.8828;0.021;0.865;0
230;60;NULL;29.19;90.1;9;35;NULL;1.5;0.86158;0.021;0.708;0
230;230;Em Carga (CDC);8.48;96.5;6;40.6;0;0;0.87462;0.055;0.67;0
230;100;Em Carga (CDC);39.87;94;13;31.4;NULL;2.5;0.88049;0.095;2.192;0
500;100;Em Carga (CDC);42.21;100.2;11;36.7;NULL;1.5;0.8759;0.019;0.767;0
550;200;Em Carga (CDC);39.38;87.6;15;30;NULL;2;0.88063;0.057;2.18;0
500;250;Em Carga (CDC);43.79;100;11;29.4;NULL;2.5;0.87888;0.022;1.004;0
69;30;Sem Comutador;28.90;88.8;14;36.1;NULL;1.5;0.87417;0.025;0.876;0
69;30;Sem Comutador;14.96;76.9;9;42.5;NULL;0.5;0.88384;0.012;0.244;0
69;6300;Sem Tensão (CDST);0.65;71.8;22;28.2;NULL;2;0.87252;0.047;2.64;1
230;150;Em Carga (CDC);13.62;88.4;9;39;0;1;0.87758;0.007;0.182;0
69;30;Sem Comutador;27.36;94;7;38.3;0;0;0.87011;0.009;0.162;0
230;50;Sem Comutador;16.18;79.2;9;40.6;0;1;0.87459;0.01;0.432;0
500;292;Em Carga (CDC);9.98;90.7;11;40.5;0;0.5;0.87586;0.007;0.088;0
230;100;Em Carga (CDC);11.37;79.6;16;44.1;NULL;0;0.87439;0.001;0.211;0
230;30;Em Carga (CDC);21.25;99.8;20;38.4;0;1.5;0.88805;0.005;0.245;0
34.5;2562;Sem Comutador;7.30;100;56;23.3;NULL;1;0.91633;0.922;12.175;0
230;160;Sem Tensão (CDST);41.54;97.2;12;29.9;NULL;2.5;0.88329;0.0238;0.932;0
69;30;Sem Comutador;34.37;100.1;10;33.6;NULL;2;0.88111;0.046;2.23;0
13.8;0.15;Sem Tensão (CDST);21.00;68;15;36;NULL;1;0.86521;0.0114;0.702;0
242;100;Em Carga (CDC);19.92;100.2;12;40;NULL;0.5;0.88801;0.002;0.137;0
230;36.7;Sem Comutador;11.57;75.9;9;40;NULL;0.5;0.87975;0.0094;0.4146;0
500;1;Em Carga (CDC);23.86;90.2;11;44.1;0;0;0.86838;0.007;0.142;0
500;292;Em Carga (CDC);9.98;87.3;10;45.8;0;0;0.88823;0.001;0.429;0
230;100;Em Carga (CDC);41.79;93.6;13;34.6;0.01;1.5;0.88185;0.015;0.596;0
500;292;Em Carga (CDC);9.98;83.7;9;43.4;0;0;0.8879;0.003;0.046;0
230;60;Em Carga (CDC);20.98;86.6;11;35.4;0.01;1;0.87192;0.007;0.373;0
230;50;Sem Comutador;16.18;98.5;8;41.3;0;0.5;0.87447;0.019;0.375;0
230;33.3;Em Carga (CDC);12.19;91.4;13;41.9;NULL;0.5;0.87992;0.004;0.224;0
13.8;2.5;Sem Tensão (CDST);42.12;51.3;27;33;NULL;2;0.87282;0.018;0.958;1
500;100;Em Carga (CDC);11.93;90.6;6;38.4;NULL;0.5;0.87808;0.0056;0.2203;0
230;424;Em Carga (CDC);10.85;93;6;43.5;NULL;0;0.88694;0.0142;0.2525;0
13.8;0.5;Em Carga (CDC);7.76;53.2;13;41;0.01;0.5;0.87478;0.01;0.292;0
69;35;NULL;24.28;70.5;11;37.2;0;NULL;0.86551;0.026;0.893;0
230;100;Em Carga (CDC);7.31;100.1;12;40.6;0;0.5;0.86473;0.001;0.11;0
230;33.3;Em Carga (CDC);12.19;94.2;12;42.2;NULL;0.5;0.88033;0.005;0.23;0
500;10;Em Carga (CDC);10.94;91.1;10;43.8;NULL;0.5;0.87969;0.0027;0.1072;0
230;65;Em Carga (CDC);27.78;71.7;19;37.4;NULL;1.5;0.86643;0.02;0.37;0
230;100;Em Carga (CDC);35.79;99.5;8;39.8;NULL;1;0.86622;0.009;0.375;0
138;15;Sem Tensão (CDST);15.96;88.5;16;39.1;NULL;1.5;0.88524;0.009;0.491;0
242;100;Em Carga (CDC);23.86;92.1;10;39.9;NULL;0.5;0.8813;0.016;0.42;0
230;66.6;Sem Tensão (CDST);42.87;97.6;14;28.8;NULL;4;0.88224;0.219;7.362;0
230;424;Em Carga (CDC);10.85;96.9;12;45.3;NULL;0;0.88708;0.001;0.212;0
138;11.333;NULL;23.61;48.5;22;33.9;NULL;2;0.87492;0.017;1.187;0
230;200;Em Carga (CDC);7.93;99.3;8;38.9;NULL;0.5;0.87777;0.004;0.204;0
13.8;33;Em Carga (CDC);11.10;96.1;10;37.7;NULL;1;0.87351;0.009;0.473;0
230;100;Em Carga (CDC);1.72;92.8;9;43.1;NULL;0;0.87593;0.027;0.6946;0
69;0;Sem Comutador;9.73;14.9;81;27.2;0.04;2;0.87433;5.165;2.891;0
230;100;Em Carga (CDC);NULL;90.2;10;40.6;NULL;1;0.87534;0.001;0.165;0
138;138;Sem Tensão (CDST);46.24;35.9;35;33.5;NULL;1;0.87818;0.011;0.592;1
230;55;Em Carga (CDC);10.18;75.2;12;43;0;0.5;0.87465;0.005;0.176;0
525;60;Em Carga (CDC);24.70;98.2;7;39.5;NULL;0.5;0.86649;0.0029;0.1079;0
230;16.67;Em Carga (CDC);29.98;92;12;40.2;NULL;1;0.88188;0.005;0.534;0
13.8;0;Sem Tensão (CDST);42.12;22.8;34;32.4;0.01;1;0.88287;0.019;1.775;0
500;292;Em Carga (CDC);9.98;95.5;12;43.3;0;0;0.87579;0.005;0.084;0
550;120;Em Carga (CDC);42.87;100.1;10;37.2;NULL;0.5;0.87636;0.012;0.453;0
230;36.7;Sem Comutador;11.57;89.9;10;40;NULL;1;0.87947;0.0075;0.4;0
230;65;Em Carga (CDC);11.09;84.7;12;39.9;0;0.5;0.87807;0.011;0.211;0
18.8;2.5;Sem Tensão (CDST);40.87;39.8;36;30.5;NULL;1.5;0.87817;0.018;0.934;1
230;424;Em Carga (CDC);10.85;100.2;11;41.9;NULL;0;0.88661;0.002;0.099;0
230;100;Em Carga (CDC);6.84;99;10;43.7;0;0;0.88061;0.031;0.916;0
500;292;Em Carga (CDC);9.98;94.9;12;39.7;0;0.5;0.87502;0.011;0.189;0
230;100;Em Carga (CDC);7.89;91.5;11;43.9;0;0.5;0.87449;0.003;0.271;0
230;NULL;Em Carga (CDC);23.86;94.8;10;39.8;0;1;0.87718;0.028;0.817;0
230;16.67;Em Carga (CDC);29.98;87.4;11;40.4;0;1;0.88117;0.01;0.559;0
230;150;Em Carga (CDC);23.86;99.1;9;42.6;0;0.5;0.87608;0.006;0.083;0
13.8;0;Sem Tensão (CDST);42.12;43.4;38;30.9;NULL;1.5;0.88184;0.022;0.116;0
13.8;387;Sem Comutador;18.93;63.8;15;38.8;NULL;1;0.88533;0.009;0.321;0
230;100;Em Carga (CDC);41.79;89.2;14;33.8;0.02;2;0.88388;0.021;0.989;0
230;100;Em Carga (CDC);41.79;100.1;9;29.7;0.01;2;0.8811;0.031;1.149;0
230;100;Em Carga (CDC);20.98;96;8;42.8;0;0.5;0.88751;0.004;0.155;0
230;60;Em Carga (CDC);40.71;95.5;7;27.4;NULL;3.5;0.88347;0.043;2.37;0
69;30;Em Carga (CDC);25.94;95.1;13;24.8;0.07;4;0.88393;0.411;13.86;0
230;50;Em Carga (CDC);11.04;92.9;10;38.5;0;0;0.88815;0.002;0.204;0
230;100;Em Carga (CDC);26.86;93.7;10;36.9;NULL;1;0.86556;0.007;0.335;0
550;100;Em Carga (CDC);42.11;98.7;12;30.5;NULL;2;0.8826;0.1298;4.9778;0
230;60;Em Carga (CDC);23.86;82.3;14;29.9;NULL;3;0.85;0.023;0.756;0
13.8;0;Sem Tensão (CDST);41.95;31.1;36;31.6;NULL;1.5;0.88051;0.024;1.67;1
13.8;33.33;Sem Comutador;39.87;45.3;24;35.5;NULL;1;0.87993;0.008;0.737;0
230;50;Em Carga (CDC);42.79;91;14;36;0.02;2;0.87759;0.089;3.057;0
500;250;Em Carga (CDC);24.78;100.1;8;35.6;NULL;1;0.88822;0.007;0.878;0
500;250;Em Carga (CDC);24.78;92.2;8;39.3;NULL;1;0.88789;0.007;0.742;0
13.8;7.5;Sem Tensão (CDST);39.87;50.2;32;33.4;0.02;1.5;0.88271;0.015;1.126;0
550;200;Em Carga (CDC);39.38;97.6;19;34.2;0.02;2.5;0.888207;0.086;3.03;0
230;50;Sem Comutador;9.95;92.8;12;35.1;0;1;0.87942;0.008;0.34;0
500;150;Em Carga (CDC);10.17;96.2;7;41.3;NULL;1;0.87101;0.004;0.484;0
230;160;Sem Tensão (CDST);41.54;100.1;8;29.9;NULL;2;0.88256;0.065;1.944;0
230;100;Em Carga (CDC);15.04;100.1;8;33.8;0.02;1.5;0.86607;0.014;0.584;0
550;230;Em Carga (CDC);11.60;91.2;11;40.9;NULL;0;0.87383;0.001;0.112;0
13.8;NULL;Em Carga (CDC);25.50;53.3;21;24.5;0.05;2.5;0.88229;0.139;4.98;0
13.8;1;Sem Comutador;9.73;58.1;36;32.5;0.04;1.5;0.88109;0.039;1.584;0
500;250;Em Carga (CDC);9.98;93;10;43.9;0;0;0.8748;0.013;0.143;0
550;150;Em Carga (CDC);25.86;89.4;10;36.6;0.01;1.5;0.86557;0.012;0.693;0
230;55;Em Carga (CDC);11.17;93;9;44.7;0;1;0.87816;0.008;0.276;0
230;100;Em Carga (CDC);15.68;90.1;10;41.5;NULL;0.5;0.88481;0.002;0.197;0
13.8;0;Sem Comutador;4.32;61.7;23;35.7;0.01;1.5;0.8754;0.02;0.78;0
NULL;NULL;NULL;4.32;100.1;4;43.4;NULL;0;0.87456;0.0112;0.2215;0
NULL;NULL;NULL;41.71;51.6;24;34.6;NULL;1;0.88114;0.01;0.464;0
13.8;NULL;Em Carga (CDC);41.45;51.6;24;34.6;NULL;1;0.88114;0.01;0.464;0
13;0.79;Sem Comutador;40.71;45.6;40;33.6;NULL;1;0.875;0.011;0.967;0
13.8;0;Sem Comutador;38.34;41.4;33;23.9;NULL;2;0.87986;0.086;3.807;0
13.8;30.8;Sem Comutador;4.32;40;31;36.9;0.01;1;0.87553;0.012;0.56;0
13.2;0.525;Sem Tensão (CDST);48.87;23;48;15.3;NULL;4.5;0.87887;0.43;12.898;0
13.2;0.525;Sem Tensão (CDST);28.61;90.5;14;26.1;NULL;2;0.85254;0.141;3.891;0
13.8;42;Sem Comutador;40.87;97;13;32.2;NULL;1.5;0.88131;0.015;1.094;0
13.8;42;Em Carga (CDC);39.54;99.6;13;33.1;NULL;1.5;0.87843;0.0149;0.8588;0
13.8;0;Sem Comutador;14.76;20.7;43;34.7;NULL;1;0.87623;0.016;0.738;1
13;0.79;Sem Comutador;40.71;28.4;39;25.4;NULL;2;0.87075;0.045;2.315;1
13;0.79;Sem Comutador;10.70;29.9;38;30.5;NULL;1.5;0.87727;0.016;0.897;1
13.8;42;Sem Comutador;40.12;20.7;43;34.7;NULL;1;0.87623;0.016;0.738;0
13.8;7.5;Sem Tensão (CDST);19.86;68.8;15;39.8;0;0.5;0.88889;0.007;0.371;0
13.8;7.5;Sem Tensão (CDST);38.03;33.5;35;26.6;0.04;2;0.88926;0.094;4.045;0
13.8;24.5;Sem Tensão (CDST);25.75;36.9;24;40.8;NULL;0.5;0.877;0.007;0.469;0
230;60;Em Carga (CDC);36.87;86.8;10;31.9;NULL;1.5;0.88269;0.009;0.421;0
13.8;0;Sem Comutador;6.11;74;12;38.5;0.01;0.5;0.87291;0.005;0.342;0
230;0;Em Carga (CDC);6.09;100.3;7;41;0;0;0.87554;0.005;0.164;0
NULL;NULL;NULL;1.87;75.9;7;41.7;NULL;0;0.86598;0.0341;0.6277;0
13.8;0;Sem Comutador;38.34;72.2;21;33;NULL;1.5;0.87161;0.014;0.889;0
NULL;NULL;NULL;3.94;100.1;52;25.6;0.05;1;0.91607;0.381;6.044;0
13.8;1.5;Sem Tensão (CDST);39.03;32.4;28;34.2;0.02;1;0.88332;0.015;0.756;1
13.8;1.5;Sem Tensão (CDST);39.03;33.5;62;22;NULL;2.5;0.88457;0.118;4.682;1
18.8;2.5;Sem Tensão (CDST);39.03;48.5;31;28.1;0.04;2;0.88651;0.052;2.264;1
18.8;2.5;Sem Tensão (CDST);39.03;36.9;35;32.8;0.02;1;0.88812;0.047;2.533;1
13.8;1.5;Sem Tensão (CDST);18.98;36.3;27;32.4;0.02;2;0.8685;0.051;1.622;1
13.8;3;Sem Tensão (CDST);34.53;75.4;19;25.9;NULL;2.5;0.88668;0.145;6.64;0
13.8;3;Sem Tensão (CDST);34.53;NULL;NULL;NULL;NULL;NULL;NULL;NULL;NULL;0
13.8;2;Sem Tensão (CDST);34.53;62;30;26.5;NULL;1;0.883549;0.473;11.174;0
13.8;378;Sem Tensão (CDST);13.32;97.9;6;39.7;NULL;1;0.87632;0.008;0.242;0
13.8;3;Sem Tensão (CDST);36.20;60.1;23;36;NULL;1;0.88225;0.01;0.54;0
230;NULL;Em Carga (CDC);6.09;96;8;44;0;0;0.87525;0.007;0.351;0
230;NULL;Em Carga (CDC);6.11;90.4;8;43.7;0;0;0.87539;0.007;0.494;0
69;6.3;Sem Tensão (CDST);0.65;74.6;25;28.9;NULL;2;0.87248;0.0671;2.0219;0
230;67;Sem Comutador;44.79;68.5;13;36.3;NULL;1.5;0.87001;0.0066;0.5816;0
13.8;24.5;Sem Tensão (CDST);36.66;97.8;10;29.1;0.04;1.5;0.87725;0.04;1.749;0
13.8;405;Em Carga (CDC);16.36;NULL;NULL;NULL;NULL;NULL;NULL;NULL;NULL;0
69;33.33;Sem Tensão (CDST);10.89;95.8;9;38.8;0;1;0.87805;0.007;0.458;0
230;55;Em Carga (CDC);13.48;91.6;10;36.9;NULL;1;0.87635;0.015;0.888;0
550;150;Em Carga (CDC);24.94;100.1;10;32.6;0.02;2.5;0.86587;0.035;1.57;0
13.8;33.33;Sem Comutador;40.37;27.5;32;37.4;0.01;1;0.87908;0.015;1.197;1
13.8;NULL;Em Carga (CDC);25.50;76.2;15;28.9;0.03;2;0.88231;0.11;4.37;0
13.8;NULL;NULL;9.73;44.5;25;33.7;NULL;1;0.87609;0.099;1.858;0
13.8;0;Sem Comutador;9.73;28;20;29.5;0.05;2;0.87433;0.1;3.054;1
230;NULL;Em Carga (CDC);NULL;100.1;8;41.9;NULL;0.5;0.87614;0.0035;0.0387;0
64;NULL;Em Carga (CDC);NULL;100.3;6;33.3;NULL;1.5;0.87664;0.0055;0.3757;0
230;20;Em Carga (CDC);NULL;96;6;37.3;NULL;1;0.87674;0.0038;0.2877;0
230;0;Em Carga (CDC);4.14;100.1;8;44.3;NULL;0;0.86967;0.017;0.359;0
230;60;Em Carga (CDC);NULL;97;10;38.7;NULL;1;0.86557;0.003;0.152;0
230;100;Em Carga (CDC);11.66;91.8;8;43.7;NULL;1;0.87658;0.01;0.189;0
NULL;NULL;NULL;11.07;98.7;13;42.9;NULL;0.5;0.87118;0.002;0.077;0
13.8;42;Em Carga (CDC);11.44;100.1;8;39.9;NULL;0.5;0.87485;0.0054;0.2416;0
13;0.79;Sem Comutador;40.71;30.9;37;23.4;NULL;2.5;0.86898;0.081;3.032;1
13.8;0.79;Sem Comutador;40.71;42;23;33.1;NULL;1;0.87409;0.007;0.683;1
13.8;0.79;Sem Comutador;40.71;24;38;32.7;NULL;1.5;0.87487;0.011;0.649;1
18.8;2.5;Sem Tensão (CDST);39.03;25.5;30;31.7;0.03;1.5;0.87747;0.028;1.231;1
13.8;378;Sem Comutador;20.04;89.3;11;37.2;NULL;0.5;0.8768;0.006;0.639;0
13.8;405;Em Carga (CDC);18.74;NULL;10;NULL;NULL;NULL;NULL;NULL;NULL;0
13.8;3;Sem Tensão (CDST);36.87;90;14;31.4;NULL;1;0.87271;0.017;0.863;0
230;60;Em Carga (CDC);36.12;91.3;12;35.8;NULL;1.5;0.8806;0.007;0.362;0
13.8;3;Sem Tensão (CDST);36.87;96.2;16;29.7;NULL;1.5;0.87289;0.028;1.031;0
230;60;Em Carga (CDC);36.12;98.3;13;25.9;NULL;1;0.87416;0.038;0.991;0
13.8;0;Sem Comutador;6.09;19;45;38.2;0.01;0.5;0.87158;0.004;0.399;0
13.8;NULL;NULL;4.86;79.5;9;34.1;0.02;2;0.864;0.062;1.465;0
13.8;60;Sem Comutador;4.86;75.6;10;27.8;0.03;2;0.87726;0.039;1.775;0
230;NULL;NULL;2.11;92.7;14;40.3;0;0;0.86634;0.004;0.119;0
230;100;Em Carga (CDC);1.55;84.9;10;43.7;0;0;0.87288;0.009;0.25;0
500;NULL;NULL;25.50;96.5;13;30.4;0.01;4.5;0.85252;0.051;1.37;0
242;33.21;NULL;20.41;100.1;18;25.3;NULL;4;0.88782;0.936;23.503;0
145;5.52;NULL;44.83;100.2;14;33.9;NULL;1.5;0.87812;0.016;1.219;0
317.54;55;NULL;24.70;92.9;10;34.3;NULL;1;0.86643;0.0084;0.2964;0
500;55;NULL;24.70;96.1;12;30.1;NULL;3;0.86449;0.026;1.126;0
145;20;NULL;28.45;80.6;12;32.8;NULL;2;0.86031;0.014;0.931;0
145;2214;NULL;20.98;92.7;9;37.3;NULL;1;0.87621;0.0065;0.4525;0
500;65.85;NULL;13.88;96.8;9;35;NULL;0.5;0.87634;0.002;0.262;0
500;150;NULL;25.50;98.3;20;30.7;0.02;3.5;0.88673;0.07;2.972;0
145;55;NULL;20.11;73.7;22;34.3;0.01;1.5;0.87746;0.083;1.906;0
500;165;NULL;24.76;100.1;6;37.6;NULL;1;0.87253;0.0101;0.636;0
242;22;NULL;7.15;90.8;8;40.2;NULL;0;0.87479;0.009;0.156;0
145;20;NULL;28.94;NULL;66;NULL;NULL;NULL;NULL;NULL;NULL;0
317.54;55;NULL;24.66;69.2;14;27.4;NULL;2;0.867;0.0458;1.5373;0
138;NULL;NULL;24.77;96.8;108;24.6;0.13;0.5;0.91642;1.153;16.14;0
500;65.85;NULL;12.94;78.7;15;37.5;0;1;0.88616;0.003;0.176;0
500;150;NULL;25.50;91;18;34.8;0.02;2.5;0.88406;0.034;1.718;0
500;NULL;NULL;43.71;91.1;16;34.3;0.03;3;0.88406;0.057;1.935;1
145;30;NULL;43.75;76;23;32.1;NULL;3;0.87882;0.073;2.521;0
145;50;NULL;25.50;90.5;15;31.3;0.02;2;0.86947;0.238;1.2;0
242;NULL;NULL;21.06;62.2;14;37.1;NULL;1.5;0.88556;0.008;0.406;0
145;33.33;NULL;21.44;94.1;11;31.1;NULL;2.5;0.88211;0.114;4.996;0
242;33.21;NULL;10.88;52.1;17;37;0;1;0.87153;0.078;1.218;0
500;150;NULL;42.11;75.3;19;28.3;NULL;3.5;0.88348;0.0728;2.9783;0
500;33.5;NULL;38.37;100.2;6;36.7;NULL;1.5;0.87765;0.022;0.9809;0
500;65.85;NULL;16.85;98.8;14;34;NULL;1;0.8754;0.0138;0.2743;0
500;165;NULL;24.76;91.9;10;24.4;NULL;2;0.86668;0.3956;9.0395;1
242;NULL;NULL;21.06;90.5;10;39.1;0;1.5;0.88324;0.067;2.036;0
242;NULL;NULL;20.44;93;16;31.7;0.03;2.5;0.88634;0.119;3.397;0
145;30;NULL;38.74;97.5;15;32.2;NULL;2.5;0.88158;0.025;1.912;0
500;50;NULL;42.12;96.7;25;25.1;NULL;4.5;0.88353;0.3021;7.6763;0
500;33.5;NULL;42.12;98.9;7;39.6;NULL;1;0.87749;0.0428;0.8308;0
230;20;NULL;7.92;93.9;13;30.7;NULL;1.5;0.87711;0.0209;0.9344;0
500;50;NULL;23.86;92.3;14;31.2;NULL;2.5;0.88575;0.1066;3.4973;0
230;22.14;NULL;15.02;98.2;38;23.7;0.14;1;0.91447;2.795;38.669;1
500;65.85;NULL;15.36;87.6;10;39.6;NULL;0.5;0.87554;0.006;0.2897;0
230;NULL;NULL;7.94;73.1;14;32.4;NULL;1.5;0.87725;0.0366;1.4452;0
500;45.3;NULL;34.09;99.3;12;32.1;NULL;2.5;0.87693;0.0429;1.4451;0
230;22.14;NULL;15.02;87.3;9;33.6;NULL;0.5;0.8756;0.009;0.673;0
500;165;NULL;25.50;100.2;8;38.8;NULL;2;0.85579;0.007;0.1948;0
500;NULL;NULL;25.50;99;13;27.5;0.02;4.5;0.85988;0.052;1.56;0
550;72.6;NULL;23.86;94;16;39.9;NULL;1;0.87548;0.0061;0.287;0
24;NULL;NULL;21.50;90.9;10;37.1;NULL;1;0.88146;0.0072;0.6988;0
242;NULL;NULL;42.07;99.5;14;35;0.02;2;0.87822;0.04;1.662;0
500;50;NULL;42.12;93;17;27.8;NULL;3.5;0.88459;0.0872;2.9809;0
69;NULL;NULL;3.84;92.6;12;32.1;NULL;2;0.87883;0.0296;1.2122;0
500;NULL;NULL;2.24;100;8;39.5;NULL;0;0.86639;0.001;0.291;0
230;NULL;NULL;21.50;97.9;7;42.7;NULL;0;0.87473;0.0093;0.2001;0
500;165;NULL;25.50;100.3;10;36.9;NULL;2;0.85478;0.0105;0.2169;0
242;NULL;NULL;20.44;92.4;13;33.1;0.02;2.5;0.88766;0.051;1.452;0
145;2214;NULL;23.86;73.6;8;38.1;NULL;0.5;0.87551;0.0036;0.5058;0
242;NULL;NULL;26.29;96;20;32;NULL;2.5;0.8655;0.04;1.338;0
500;55;NULL;24.85;97.8;11;38.1;NULL;0.5;0.87624;0.0546;1.7835;0
242;NULL;NULL;19.28;100.1;10;43.3;0;1;0.87571;0.007;0.278;0
500;50;NULL;43.62;100.1;8;31.2;NULL;2.5;0.87993;0.0543;1.6752;0
38;351;NULL;25.70;79.2;15;31.2;0.02;2.5;0.887544;0.071;2.574;0
500;50;NULL;42.12;100.2;13;29.9;NULL;3;0.88497;0.0589;2.2995;0
317.54;55;NULL;24.70;72.5;10;34;NULL;1;0.86917;0.011;0.2308;0
15;20;NULL;16.21;93.8;16;30.8;NULL;3.5;0.88141;0.0703;2.7314;0
230;63;NULL;11.43;95.3;8;40.5;0;0;0.88733;0.005;0.145;0
500;65.85;NULL;15.85;98.6;12;26;NULL;1;0.8758;0.1024;2.271;0
550;72.6;NULL;23.86;93.1;14;34.7;NULL;1.5;0.87554;0.0059;0.6815;0
500;NULL;NULL;35.95;79.8;17;32.9;NULL;2;0.87269;0.054;2.194;0
500;150;NULL;25.50;100.2;17;32.6;NULL;3;0.88182;0.054;2.446;0
500;NULL;NULL;36.43;95;12;30.6;0.01;4.5;0.85353;0.04;1.017;0
500;50;NULL;42.12;98.2;15;31.1;0.03;2.5;0.8828;0.133;3.555;0
242;21.6;NULL;9.42;83;12;38.5;NULL;1;0.87418;0.009;0.733;0
230;22.14;NULL;25.28;94.5;14;35.6;NULL;1.5;0.8713;0.015;0.657;0
500;NULL;NULL;25.11;67;12;32;NULL;1;0.86636;0.025;0.822;0
500;165;NULL;25.50;95.1;10;34.1;NULL;2;0.85808;0.0123;0.2701;0
317.54;55;NULL;24.70;86.8;10;30;NULL;1.5;0.86634;0.0315;1.0011;0
500;55;NULL;24.85;96.2;17;30.1;NULL;3.5;0.86583;0.087;2.944;0
550;72.6;NULL;23.86;95.5;14;39;NULL;1;0.87565;0.006;0.2834;0
145;50;NULL;25.50;88.9;10;34.3;0.02;2;0.86948;0.024;1.079;0
500;50;NULL;43.71;98.6;15;33.7;0.03;3;0.88175;0.041;1.808;0
500;65.85;NULL;13.43;90;13;35.2;NULL;1;0.87569;0.0118;0.388;0
145;55;NULL;20.11;80;17;40.1;0;1;0.8756;0.038;1.396;0
500;50;NULL;43.12;100.2;10;31.5;NULL;3;0.88146;0.0449;1.1566;0
317.54;55;NULL;24.70;77.3;11;34.6;NULL;0.5;0.86648;0.0188;0.3235;0
500;NULL;NULL;43.71;94.2;16;34.8;0.03;2.5;0.88304;0.033;1.345;0
500;165;NULL;24.76;96.5;18;23.2;NULL;3;0.86771;0.107;3.779;1
500;50;NULL;42.12;97.1;15;31.5;0.02;5;0.85292;0.05;1.242;0
500;55;NULL;17.44;100.1;9;40.2;0;1;0.87836;0.006;0.265;0
230;30;NULL;25.44;79.1;25;31.8;NULL;2;0.87731;0.023;1.299;1
500;50;NULL;42.10;100.1;12;30.7;NULL;5;0.85354;0.0339;0.7957;0
500;NULL;NULL;35.95;72.7;18;28.3;NULL;2.5;0.88338;0.043;1.298;1
242;NULL;NULL;36.87;96.3;18;37.2;0.01;2.5;0.88202;0.043;1.897;0
500;65.85;NULL;24.76;92.2;13;33.9;NULL;0.5;0.87281;0.0367;1.045;0
500;NULL;NULL;23.86;79.7;12;37;NULL;1;0.87866;0.0112;0.3863;0
145;55;NULL;20.11;94.6;17;32;0.01;1.5;0.87537;0.038;2.015;0
500;65.85;NULL;16.80;100.3;8;34.1;NULL;2;0.8754;0.008;0.2115;0
500;NULL;NULL;25.11;97.5;19;33.2;0.02;2;0.87351;0.06;1.101;0
145;2214;NULL;21.53;87.2;10;42;0;1;0.88008;0.005;0.426;0
500;165;NULL;24.76;96.7;16;24.8;NULL;3;0.86763;0.071;2.421;0
500;65.85;NULL;15.36;86.8;11;39.1;NULL;1;0.8756;0.0079;0.4116;0
230;NULL;NULL;23.86;86.4;10;33.4;NULL;1;0.87932;0.01;1.213;0
500;NULL;NULL;42.12;100.1;14;31.8;NULL;3;0.88373;0.0303;1.1401;0
500;65.85;NULL;13.43;100.1;8;38.6;NULL;1;0.87568;0.0074;0.3637;0
550;72.6;NULL;23.86;28.9;38;38.6;NULL;0.5;0.87521;0.0073;0.1652;0
500;NULL;NULL;6.35;96.1;11;37.4;NULL;1;0.87667;0.0053;0.269;0
69;NULL;NULL;4.32;92.6;14;39.6;NULL;1;0.88188;0.0089;0.4866;0
500;NULL;NULL;2.24;100.2;5;37.3;NULL;0;0.8677;0.002;0.361;0
500;40.33;NULL;20.73;87;14;36.3;NULL;1;0.87554;0.0057;0.284;0
500;150;NULL;25.50;97.8;14;39.2;0;1.5;0.88119;0.049;2.173;0
500;65.85;NULL;15.56;100.2;10;36.6;NULL;1.5;0.87446;0.0097;0.418;0
145;30;NULL;40.37;44.9;25;33.8;0.02;3;0.87812;0.066;2.321;1
500;55;NULL;24.70;93.7;13;35.1;NULL;1.5;0.86492;0.007;0.324;0
242;33.21;NULL;11.85;93.5;10;37.8;NULL;1;0.8714;0.0322;0.4486;0
500;55;NULL;24.70;96.9;13;28.7;NULL;2.5;0.86486;0.037;1.323;0
500;NULL;NULL;42.12;96.7;14;31.9;NULL;3;0.883;0.0288;1.1512;0
145;NULL;NULL;21.08;85.8;15;34.1;NULL;1;0.88295;0.017;1.008;0
500;150;NULL;25.50;94.8;19;28.7;NULL;2.5;0.88307;0.03;1.146;0
15;20;NULL;16.21;97.4;12;33.7;NULL;3.5;0.88062;0.0262;0.849;0
500;NULL;NULL;39.70;100.2;15;32.4;0.01;2;0.87014;0.013;0.465;0
242;NULL;NULL;29.28;76.1;15;41.9;NULL;0;0.87732;0.005;0.391;0
242;NULL;NULL;22.99;77.9;12;39.7;0;1;0.88077;0.008;0.409;0
500;50;NULL;42.12;98;17;25.8;NULL;4;0.88325;0.209;6.545;1
500;NULL;NULL;35.95;81.6;19;34.5;NULL;1.5;0.87409;0.015;0.414;0
230;22.14;NULL;15.44;86.7;10;37.5;NULL;0.5;0.87546;0.005;0.298;0
500;50;NULL;43.12;94.7;20;32.3;0.02;2.5;0.88183;0.053;1.937;0
500;55;NULL;24.70;97.2;14;31.9;NULL;2.5;0.86577;0.031;0.784;0
317.54;55;NULL;24.70;91.4;7;38.3;NULL;1;0.86623;0.022;0.3832;0
500;NULL;NULL;35.95;94.3;13;32.6;NULL;1.5;0.87431;0.015;0.732;0
242;33.21;NULL;20.44;97;11;32;NULL;2.5;0.88712;0.072;2.122;0
230;30;NULL;25.28;90.6;11;31.9;0.02;0.5;0.86587;0.027;1.027;0
242;NULL;NULL;19.28;88;14;38.3;0;1;0.87605;0.01;0.584;0
317.54;55;NULL;24.70;61.8;14;33;NULL;1;0.86616;0.0099;0.3097;0
15;20;NULL;16.21;97.4;12;33.9;NULL;2.5;0.88122;0.0299;0.8645;0
500;150;NULL;25.50;91;16;39;0;1;0.87694;0.017;0.781;0
25.8;25;NULL;22.32;94.1;11;34.9;0.01;1;0.86544;0.011;0.408;0
500;NULL;NULL;37.70;98.7;9;35.3;0.01;1.5;0.88062;0.01;0.519;0
500;50;NULL;42.12;97.6;12;27.1;NULL;5.5;0.85277;0.0459;1.2472;0
145;33.21;NULL;11.85;100;12;37.8;NULL;1.5;0.87143;0.0302;0.4614;0
500;65.85;NULL;13.88;98.1;10;36.2;NULL;0.5;0.87647;0.002;0.304;0
500;65.85;NULL;12.94;91;11;38.1;0;1;0.88492;0.006;0.348;0
500;50;NULL;42.12;99.4;13;30.4;0.03;2.5;0.88354;0.028;1.17;0
230;NULL;NULL;7.94;88.3;15;33.8;0.01;1.5;0.87753;0.015;0.762;0
230;20;NULL;7.48;72.8;12;37.7;NULL;0.5;0.8761;0.017;0.748;0
230;33.2;NULL;23.44;70;12;37.5;NULL;1.5;0.87607;0.011;0.501;0
500;45.3;NULL;34.09;100.2;11;33.8;NULL;2;0.88616;0.0159;1.2724;0
500;NULL;NULL;35.95;100.1;16;28.4;NULL;2.5;0.88326;0.025;1.035;0
500;165;NULL;24.76;91.8;8;33.1;NULL;2;0.86597;0.023;0.6553;0
69;NULL;NULL;4.32;95.9;22;30.8;NULL;2;0.88206;0.045;1.97;0
69;NULL;NULL;20.07;19.7;64;37.9;NULL;0.5;0.88753;0.3737;4.3992;0
NULL;NULL;NULL;13.43;90.9;9;29.5;NULL;4.5;0.85449;0.0566;1.566;0
230;NULL;NULL;2.48;92.2;11;41.9;NULL;0;0.86855;0.012;0.837;0
500;NULL;NULL;2.24;99.9;7;41.3;NULL;0;0.86658;0.001;0.483;0
242;NULL;NULL;26.11;100;18;25.8;NULL;3;0.86118;0.072;3.802;1
242;NULL;NULL;29.70;81.2;17;37.8;0;1;0.86853;0.014;1.06;0
500;55;NULL;24.70;94.8;12;34;NULL;2.5;0.86488;0.008;0.327;0
317.54;55;NULL;24.70;82.1;12;27;NULL;2;0.86641;0.042;1.3855;0
317.54;55;NULL;24.70;61.1;12;36.9;NULL;0.5;0.86626;0.0096;0.257;0
242;11.07;NULL;21.23;88.6;22;24.9;NULL;3;0.88789;0.37;12.312;0
500;50;NULL;42.12;100;7;45.4;0;0;0.87071;0.0012;0.1436;0
500;50;NULL;43.12;100.1;9;33.3;NULL;3;0.88101;0.0273;0.9119;0
242;11.07;NULL;25.50;81.5;24;26.2;NULL;3;0.88496;0.204;7.046;0
500;65.85;NULL;15.85;100.1;12;36;NULL;1;0.87541;0.0063;0.1648;0
500;150;NULL;25.50;67;19;28.4;NULL;2.5;0.88307;0.027;1.159;1
500;50;NULL;42.12;90.9;9;29.5;NULL;4.5;0.85449;0.0566;1.566;0
145;50;NULL;25.50;93.8;14;36.4;0.01;2;0.87015;0.029;1.439;0
500;NULL;NULL;23.86;100.2;9;40.6;NULL;0;0.87495;0.0031;0.1335;0
500;33.5;NULL;38.37;90.7;18;30.8;NULL;2.5;0.87884;0.0584;1.9282;0
500;NULL;NULL;42.12;99.3;20;30;NULL;3.5;0.88279;0.114;3.5772;0
230;63;NULL;11.43;90.8;9;40.3;0;1;0.88703;0.004;0.222;0
500;NULL;NULL;38.70;92.5;15;31.5;0.02;2;0.88082;0.016;0.677;0
500;55;NULL;24.70;93.3;13;32.8;NULL;2.5;0.8645;0.043;1.477;0
500;NULL;NULL;43.71;96.2;19;34.1;0.02;2;0.88301;0.022;1.081;1
230;22.14;NULL;15.38;89.4;11;38.5;NULL;0.5;0.87555;0.006;0.36;0
25.8;25;NULL;22.32;73.7;13;33.8;0;1;0.86533;0.017;0.477;0
500;55;NULL;24.70;95.2;11;36;NULL;2.5;0.86432;0.008;0.329;0
500;65.85;NULL;15.36;91.9;8;39.3;NULL;1;0.8755;0.0077;0.6077;0
317.54;55;NULL;24.70;92.1;8;33.6;NULL;1;0.86601;0.0357;0.8387;0
500;NULL;NULL;23.86;98.9;9;38.5;NULL;0.5;0.87537;0.0074;0.2192;0
230;20;NULL;11.96;73.6;17;34.5;0.02;1.5;0.8816;0.025;1.41;0
500;65.85;NULL;13.88;100;10;32.7;NULL;0.5;0.87652;0.003;0.253;0
500;165;NULL;24.76;97.5;14;25.3;NULL;2.5;0.86651;0.073;2.643;0
500;50;NULL;42.12;94.9;15;31.5;NULL;3.5;0.88205;0.091;2.592;0
230;230;NULL;16.97;100.2;8;43.8;NULL;0.5;0.87912;0.004;0.237;0
500;NULL;NULL;36.43;80.2;18;34;0.01;3.5;0.85656;0.013;0.423;0
500;NULL;NULL;22.85;99.9;19;41.8;0.01;NULL;0.87529;0.022;0.55;0
500;45.3;NULL;34.09;NULL;NULL;NULL;NULL;NULL;NULL;NULL;NULL;0
500;165;NULL;24.76;98.2;7;33.4;NULL;2;0.8666;0.0217;0.7312;0
242;NULL;NULL;23.55;85.3;17;38.6;0;1;0.88015;0.028;2.864;0
500;65.85;NULL;17.77;100.1;10;38.5;NULL;1;0.88129;0.0086;0.4368;0
145;50;NULL;25.50;100.2;11;29.9;0.02;2;0.87083;0.046;2.13;0
242;NULL;NULL;40.08;93.7;12;25.8;NULL;3;0.87703;0.115;4.702;1
230;22.14;NULL;25.44;83.1;16;35.1;NULL;1.5;0.86545;0.01;0.451;0
500;NULL;NULL;25.11;93.1;11;34.6;NULL;2;0.88671;0.018;0.711;0
500;150;NULL;25.50;89.9;17;33.5;0.04;2.5;0.88238;0.063;3.42;0
500;NULL;NULL;35.95;75.7;16;33.4;NULL;2.5;0.88065;0.027;1.427;0
500;150;NULL;25.50;90.5;19;37.3;0;2;0.88196;0.03;1.408;0
317.54;55;NULL;24.70;66.8;9;33.9;NULL;0.5;0.86672;0.0361;0.5142;0
500;NULL;NULL;14.77;98.6;6;43.4;0;0.5;0.87482;0.003;0.4;0
500;55;NULL;24.70;98.8;12;36.1;NULL;2.5;0.86499;0.01;0.447;0
500;65.85;NULL;12.94;90.9;12;38;0;0.5;0.88541;0.006;0.465;0
500;55;NULL;24.70;97.7;10;35.8;NULL;1.5;0.86598;0.028;0.596;0
500;45.3;NULL;34.09;98.7;14;30;NULL;2.5;0.87398;0.0343;1.2483;0
500;65.85;NULL;12.94;89.6;11;36.7;0.01;1;0.88614;0.004;0.208;0
500;55;NULL;24.70;87.7;10;29.1;NULL;1;0.86569;0.0368;1.242;0
242;NULL;NULL;29.28;75.8;16;28.8;NULL;1.5;0.84935;0.015;0.792;0
500;NULL;NULL;25.11;68.1;26;25.5;NULL;4;0.87381;0.418;10.107;0
500;65.85;NULL;13.43;91;13;34.2;NULL;1;0.87563;0.0086;0.5749;0
69;NULL;NULL;4.32;91.5;20;34.4;0.01;2;0.87934;0.031;1.16;0
